{
  "Get booking" : {
    "transaction" : "Get booking",
    "sampleCount" : 1,
    "errorCount" : 0,
    "errorPct" : 0.0,
    "meanResTime" : 256.0,
    "medianResTime" : 256.0,
    "minResTime" : 256.0,
    "maxResTime" : 256.0,
    "pct1ResTime" : 256.0,
    "pct2ResTime" : 256.0,
    "pct3ResTime" : 256.0,
    "throughput" : 3.90625,
    "receivedKBytesPerSec" : 1.552581787109375,
    "sentKBytesPerSec" : 0.713348388671875
  },
  "Total" : {
    "transaction" : "Total",
    "sampleCount" : 3,
    "errorCount" : 0,
    "errorPct" : 0.0,
    "meanResTime" : 641.6666666666666,
    "medianResTime" : 256.0,
    "minResTime" : 256.0,
    "maxResTime" : 1413.0,
    "pct1ResTime" : 1413.0,
    "pct2ResTime" : 1413.0,
    "pct3ResTime" : 1413.0,
    "throughput" : 1.5345268542199488,
    "receivedKBytesPerSec" : 0.5564657928388747,
    "sentKBytesPerSec" : 0.46055786445012786
  },
  "Login" : {
    "transaction" : "Login",
    "sampleCount" : 1,
    "errorCount" : 0,
    "errorPct" : 0.0,
    "meanResTime" : 1413.0,
    "medianResTime" : 1413.0,
    "minResTime" : 1413.0,
    "maxResTime" : 1413.0,
    "pct1ResTime" : 1413.0,
    "pct2ResTime" : 1413.0,
    "pct3ResTime" : 1413.0,
    "throughput" : 0.7077140835102619,
    "receivedKBytesPerSec" : 0.1872954263977353,
    "sentKBytesPerSec" : 0.17761964791224344
  },
  "Booking Create" : {
    "transaction" : "Booking Create",
    "sampleCount" : 1,
    "errorCount" : 0,
    "errorPct" : 0.0,
    "meanResTime" : 256.0,
    "medianResTime" : 256.0,
    "minResTime" : 256.0,
    "maxResTime" : 256.0,
    "pct1ResTime" : 256.0,
    "pct2ResTime" : 256.0,
    "pct3ResTime" : 256.0,
    "throughput" : 3.90625,
    "receivedKBytesPerSec" : 1.6632080078125,
    "sentKBytesPerSec" : 1.82342529296875
  }
}